-- phpMyAdmin SQL Dump
-- version 5.1.1
-- https://www.phpmyadmin.net/
--
-- Host: 127.0.0.1
-- Generation Time: Nov 24, 2021 at 01:12 PM
-- Server version: 10.4.21-MariaDB
-- PHP Version: 8.0.12

SET SQL_MODE = "NO_AUTO_VALUE_ON_ZERO";
START TRANSACTION;
SET time_zone = "+00:00";


/*!40101 SET @OLD_CHARACTER_SET_CLIENT=@@CHARACTER_SET_CLIENT */;
/*!40101 SET @OLD_CHARACTER_SET_RESULTS=@@CHARACTER_SET_RESULTS */;
/*!40101 SET @OLD_COLLATION_CONNECTION=@@COLLATION_CONNECTION */;
/*!40101 SET NAMES utf8mb4 */;

--
-- Database: `cbhs`
--

-- --------------------------------------------------------

--
-- Table structure for table `admin`
--

CREATE TABLE `admin` (
  `id` int(100) NOT NULL,
  `first` varchar(100) NOT NULL,
  `last` varchar(100) NOT NULL,
  `username` varchar(100) NOT NULL,
  `password` varchar(100) NOT NULL,
  `email` varchar(100) NOT NULL,
  `contact` varchar(100) NOT NULL,
  `pic` varchar(100) NOT NULL
) ENGINE=InnoDB DEFAULT CHARSET=latin1;

--
-- Dumping data for table `admin`
--

INSERT INTO `admin` (`id`, `first`, `last`, `username`, `password`, `email`, `contact`, `pic`) VALUES
(1, 'Kunal', 'Nayyar', 'Admin1', 'admin1', 'kunalnayyar@gmail.com', '9856432718', 'p.jpg'),
(2, 'Ryan', 'Reynolds', 'Admin2', 'admin2', 'ryanreynolds@gmail.com', '9996432178', 'p.jpg');

-- --------------------------------------------------------

--
-- Table structure for table `books`
--

CREATE TABLE `books` (
  `bid` int(100) NOT NULL,
  `name` varchar(100) NOT NULL,
  `authors` varchar(100) NOT NULL,
  `edition` varchar(100) NOT NULL,
  `status` varchar(100) NOT NULL,
  `quantity` int(100) NOT NULL,
  `category` varchar(100) NOT NULL
) ENGINE=InnoDB DEFAULT CHARSET=latin1;

--
-- Dumping data for table `books`
--

INSERT INTO `books` (`bid`, `name`, `authors`, `edition`, `status`, `quantity`, `category`) VALUES
(1, 'Lord of The Rings Volume 1', 'J. R. R. Tolkien', '3rd', 'Available', 2, 'Fantasy Fiction'),
(2, 'Harry Potter Half Blood Prince', 'J K Rowling', '4th', 'Available', 4, 'Fiction'),
(3, 'The Martian\r\n', 'Andy Weir', '4th', 'Available', 4, 'Science Fiction');

-- --------------------------------------------------------

--
-- Table structure for table `comments`
--

CREATE TABLE `comments` (
  `id` int(50) NOT NULL,
  `username` varchar(100) NOT NULL,
  `comment` varchar(500) NOT NULL
) ENGINE=InnoDB DEFAULT CHARSET=latin1;

--
-- Dumping data for table `comments`
--

INSERT INTO `comments` (`id`, `username`, `comment`) VALUES
(2, 'Admin', 'We don\'t have it currently but will add it as soon as possible. Thankyou'),
(11, 'Rahul', 'Hi! do you have Lord of the Rings 2nd book?');

-- --------------------------------------------------------

--
-- Table structure for table `fine`
--

CREATE TABLE `fine` (
  `username` varchar(100) NOT NULL,
  `bid` int(100) NOT NULL,
  `returned` varchar(100) NOT NULL,
  `day` int(50) NOT NULL,
  `fine` double NOT NULL,
  `status` varchar(100) NOT NULL
) ENGINE=InnoDB DEFAULT CHARSET=latin1;

--
-- Dumping data for table `fine`
--

INSERT INTO `fine` (`username`, `bid`, `returned`, `day`, `fine`, `status`) VALUES
('Promi', 1, '2019-05-21', 31, 3.1, 'not paid'),
('Afifa', 1, '2019-05-21', 1, 0.1, 'not paid');

-- --------------------------------------------------------

--
-- Table structure for table `issue_book`
--

CREATE TABLE `issue_book` (
  `username` varchar(100) NOT NULL,
  `bid` int(100) NOT NULL,
  `approve` varchar(100) NOT NULL,
  `issue` varchar(100) NOT NULL,
  `return` varchar(100) NOT NULL
) ENGINE=InnoDB DEFAULT CHARSET=latin1;

--
-- Dumping data for table `issue_book`
--

INSERT INTO `issue_book` (`username`, `bid`, `approve`, `issue`, `return`) VALUES
('Promi', 3, '<p style=\"color:yellow; background-color:red;\">EXPIRED</p>', '2019-04-22', '2019-05-16'),
('Promi', 1, '<p style=\"color:yellow; background-color:green;\">RETURNED</p>', '2019-03-20', '2019-04-20'),
('Promi', 2, '<p style=\"color:yellow; background-color:green;\">RETURNED</p>', '2019-01-30', '2019-02-28'),
('Afifa', 1, '<p style=\"color:yellow; background-color:green;\">RETURNED</p>', '2019-04-20', '2019-05-20'),
('Afifa', 2, '<p style=\"color:yellow; background-color:green;\">RETURNED</p>', '2019-02-20', '2019-02-10'),
('Afifa', 1, '', '', ''),
('Afifa', 3, '', '', '');

-- --------------------------------------------------------

--
-- Table structure for table `user`
--

CREATE TABLE `user` (
  `first` varchar(100) NOT NULL,
  `last` varchar(100) NOT NULL,
  `username` varchar(100) NOT NULL,
  `password` varchar(100) NOT NULL,
  `user_id` int(100) NOT NULL,
  `email` varchar(100) NOT NULL,
  `contact` varchar(100) NOT NULL,
  `pic` varchar(100) NOT NULL
) ENGINE=InnoDB DEFAULT CHARSET=latin1;

--
-- Dumping data for table `user`
--

INSERT INTO `user` (`first`, `last`, `username`, `password`, `user_id`, `email`, `contact`, `pic`) VALUES
('Afifa', 'Shimu', 'Afifa', 'afifa', 13, 'shimu1@gmail.com', '984531378', 'p.jpg'),
('Mithun', 'Promi', 'Promi', 'promi', 12, 'promi@gmail.com', '896473217', 'p.jpg'),
('Rahul', 'Shetty', 'Rahul', 'rahul', 11, 'rahul@gmail.com', '965348231', 'p.jpg');

--
-- Indexes for dumped tables
--

--
-- Indexes for table `admin`
--
ALTER TABLE `admin`
  ADD PRIMARY KEY (`id`);

--
-- Indexes for table `books`
--
ALTER TABLE `books`
  ADD PRIMARY KEY (`bid`);

--
-- Indexes for table `comments`
--
ALTER TABLE `comments`
  ADD PRIMARY KEY (`id`);

--
-- Indexes for table `fine`
--
ALTER TABLE `fine`
  ADD KEY `fk_foreign_key_bid` (`bid`);

--
-- Indexes for table `user`
--
ALTER TABLE `user`
  ADD PRIMARY KEY (`username`);

--
-- AUTO_INCREMENT for dumped tables
--

--
-- AUTO_INCREMENT for table `admin`
--
ALTER TABLE `admin`
  MODIFY `id` int(100) NOT NULL AUTO_INCREMENT, AUTO_INCREMENT=4;

--
-- AUTO_INCREMENT for table `comments`
--
ALTER TABLE `comments`
  MODIFY `id` int(50) NOT NULL AUTO_INCREMENT, AUTO_INCREMENT=26;

--
-- Constraints for dumped tables
--

--
-- Constraints for table `fine`
--
ALTER TABLE `fine`
  ADD CONSTRAINT `fk_foreign_key_bid` FOREIGN KEY (`bid`) REFERENCES `books` (`bid`);
COMMIT;

/*!40101 SET CHARACTER_SET_CLIENT=@OLD_CHARACTER_SET_CLIENT */;
/*!40101 SET CHARACTER_SET_RESULTS=@OLD_CHARACTER_SET_RESULTS */;
/*!40101 SET COLLATION_CONNECTION=@OLD_COLLATION_CONNECTION */;
